{
    "metadata":{
        "faces":25,
        "normals":25,
        "type":"Geometry",
        "vertices":36,
        "uvs":0,
        "generator":"io_three",
        "version":3
    },
    "vertices":[-5,1.57823,5,5,1.06858,5,-5,0.96618,-5,5,0.789086,-5,-5,1.06929,-3,-5,0.848843,-1,-5,1.06896,1,-5,0.752391,3,5,1.62937,3,5,0.883023,1,5,1.17602,-1,5,1.26101,-3,-3,1.17602,5,-1,0.668163,5,1,1.03045,5,3,0.795808,5,3,0.720005,-5,1,0.342694,-5,-1,1.10822,-5,-3,0.564896,-5,3,1.16452,3,1,1.40305,3,-1,0.68868,3,-3,0.368594,3,3,1.53098,1,1,0.907981,1,-1,0.890902,1,-3,0.916344,1,3,0.408509,-1,1,0.24665,-1,-1,0.506603,-1,-3,1.35772,-1,3,0.890902,-3,1,0.691291,-3,-1,1.07539,-3,-3,1.3257,-3],
    "faces":[33,32,11,3,16,0,0,0,0,33,15,1,8,20,1,1,1,1,33,20,8,9,24,2,2,2,2,33,24,9,10,28,3,3,3,3,33,28,10,11,32,4,4,4,4,33,5,31,35,4,5,5,5,5,33,31,30,34,35,6,6,6,6,33,30,29,33,34,7,7,7,7,33,29,28,32,33,8,8,8,8,33,6,27,31,5,9,9,9,9,33,27,26,30,31,10,10,10,10,33,26,25,29,30,11,11,11,11,33,25,24,28,29,12,12,12,12,33,7,23,27,6,13,13,13,13,33,23,22,26,27,14,14,14,14,33,22,21,25,26,15,15,15,15,33,21,20,24,25,16,16,16,16,33,0,12,23,7,17,17,17,17,33,12,13,22,23,18,18,18,18,33,13,14,21,22,19,19,19,19,33,14,15,20,21,20,20,20,20,33,4,35,19,2,21,21,21,21,33,35,34,18,19,22,22,22,22,33,34,33,17,18,23,23,23,23,33,33,32,16,17,24,24,24,24],
    "normals":[-0.107775,0.981581,-0.157745,-0.176792,0.958705,0.222777,0.0455227,0.994488,-0.0944481,-0.0292544,0.97875,-0.202961,-0.271046,0.953027,0.135183,-0.187714,0.981136,0.0462156,0.263281,0.956149,0.128307,0.154215,0.957775,0.24266,-0.0876947,0.970426,0.224905,-0.0885808,0.994549,0.0550144,0.21404,0.976725,0.0139382,0.0586434,0.965825,-0.252474,-0.176392,0.89898,-0.4009,0.129966,0.969151,0.209414,-0.0722105,0.980308,0.183801,-0.179414,0.981148,-0.0718307,-0.0956261,0.994903,-0.0319875,0.178982,0.910849,-0.371914,0.0460113,0.980154,-0.192823,-0.25875,0.961313,0.0944772,0.115533,0.976673,0.181004,0.0353801,0.976851,-0.210977,-0.0718849,0.981294,-0.17859,0.275433,0.958339,-0.0756546,-0.141588,0.981681,-0.127495],
    "uvs":[]
}