{
    "vertices":[-3.2,1.39876e-07,3.2,-1.2,1.39876e-07,3.2,-3.2,5.24537e-08,1.2,-1.2,5.24537e-08,1.2,-3.2,4.37114e-08,1,-1.2,4.37114e-08,1,-3.2,-4.37114e-08,-1,-1.2,-4.37114e-08,-1,-3.2,-5.24537e-08,-1.2,-1.2,-5.24537e-08,-1.2,-3.2,-1.39876e-07,-3.2,-1.2,-1.39876e-07,-3.2,-1,1.39876e-07,3.2,1,1.39876e-07,3.2,-1,5.24537e-08,1.2,1,5.24537e-08,1.2,-1,4.37114e-08,1,1,4.37114e-08,1,-1,-4.37114e-08,-1,1,-4.37114e-08,-1,-1,-5.24537e-08,-1.2,1,-5.24537e-08,-1.2,-1,-1.39876e-07,-3.2,1,-1.39876e-07,-3.2,1.2,1.39876e-07,3.2,3.2,1.39876e-07,3.2,1.2,5.24537e-08,1.2,3.2,5.24537e-08,1.2,1.2,4.37114e-08,1,3.2,4.37114e-08,1,1.2,-4.37114e-08,-1,3.2,-4.37114e-08,-1,1.2,-5.24537e-08,-1.2,3.2,-5.24537e-08,-1.2,1.2,-1.39876e-07,-3.2,3.2,-1.39876e-07,-3.2],
    "faces":[33,8,9,11,10,0,0,0,0,33,20,21,23,22,0,0,0,0,33,32,33,35,34,0,0,0,0,33,28,29,31,30,0,0,0,0,33,16,17,19,18,0,0,0,0,33,4,5,7,6,0,0,0,0,33,0,1,3,2,1,1,1,1,33,12,13,15,14,1,1,1,1,33,24,25,27,26,1,1,1,1],
    "normals":[0,1,-4.37114e-08,0,1,-4.37114e-08],
    "uvs":[],
    "metadata":{
        "generator":"io_three",
        "faces":9,
        "uvs":0,
        "version":3,
        "vertices":36,
        "type":"Geometry",
        "normals":2
    }
}